Index,Date,MaxTemp
0,2018-01-01,58
1,2018-01-02,59
2,2018-01-03,60
3,2018-01-04,49
4,2018-01-05,46
5,2018-01-06,45
6,2018-01-07,47
7,2018-01-08,45
8,2018-01-09,45
9,2018-01-10,40
10,2018-01-11,46
11,2018-01-12,55
12,2018-01-13,64
13,2018-01-14,58
14,2018-01-15,56
15,2018-01-16,51
16,2018-01-17,56
17,2018-01-18,47
18,2018-01-19,35
19,2018-01-20,39
20,2018-01-21,37
21,2018-01-22,38
22,2018-01-23,46
23,2018-01-24,43
24,2018-01-25,31
25,2018-01-26,32
26,2018-01-27,47
27,2018-01-28,66
28,2018-01-29,62
29,2018-01-30,57
30,2018-01-31,58
31,2018-02-01,63
32,2018-02-02,65
33,2018-02-03,67
34,2018-02-04,63
35,2018-02-05,60
36,2018-02-06,59
37,2018-02-07,61
38,2018-02-08,63
39,2018-02-09,62
40,2018-02-10,51
41,2018-02-11,47
42,2018-02-12,40
43,2018-02-13,46
44,2018-02-14,42
45,2018-02-15,50
46,2018-02-16,52
47,2018-02-17,53
48,2018-02-18,39
49,2018-02-19,27
50,2018-02-20,29
51,2018-02-21,35
52,2018-02-22,26
53,2018-02-23,34
54,2018-02-24,31
55,2018-02-25,43
56,2018-02-26,29
57,2018-02-27,41
58,2018-02-28,36
59,2018-03-01,32
60,2018-03-02,26
61,2018-03-03,26
62,2018-03-04,33
63,2018-03-05,60
64,2018-03-06,M
65,2018-03-07,67
66,2018-03-08,46
67,2018-03-09,45
68,2018-03-10,44
69,2018-03-11,52
70,2018-03-12,53
71,2018-03-13,45
72,2018-03-14,31
73,2018-03-15,31
74,2018-03-16,30
75,2018-03-17,30
76,2018-03-18,39
77,2018-03-19,45
78,2018-03-20,42
79,2018-03-21,46
80,2018-03-22,42
81,2018-03-23,38
82,2018-03-24,30
83,2018-03-25,33
84,2018-03-26,45
85,2018-03-27,58
86,2018-03-28,64
87,2018-03-29,64
88,2018-03-30,63
89,2018-03-31,60
90,2018-04-01,59
91,2018-04-02,55
92,2018-04-03,57
93,2018-04-04,59
94,2018-04-05,53
95,2018-04-06,47
96,2018-04-07,48
97,2018-04-08,53
98,2018-04-09,67
99,2018-04-10,58
100,2018-04-11,48
101,2018-04-12,35
102,2018-04-13,54
103,2018-04-14,58
104,2018-04-15,50
105,2018-04-16,29
106,2018-04-17,43
107,2018-04-18,40
108,2018-04-19,48
109,2018-04-20,62
110,2018-04-21,67
111,2018-04-22,65
112,2018-04-23,67
113,2018-04-24,68
114,2018-04-25,71
115,2018-04-26,68
116,2018-04-27,50
117,2018-04-28,45
118,2018-04-29,42
119,2018-04-30,46
120,2018-05-01,56
121,2018-05-02,58
122,2018-05-03,62
123,2018-05-04,68
124,2018-05-05,67
125,2018-05-06,63
126,2018-05-07,70
127,2018-05-08,71
128,2018-05-09,63
129,2018-05-10,64
130,2018-05-11,58
131,2018-05-12,60
132,2018-05-13,60
133,2018-05-14,66
134,2018-05-15,61
135,2018-05-16,54
136,2018-05-17,54
137,2018-05-18,64
138,2018-05-19,64
139,2018-05-20,61
140,2018-05-21,62
141,2018-05-22,62
142,2018-05-23,61
143,2018-05-24,65
144,2018-05-25,49
145,2018-05-26,48
146,2018-05-27,69
147,2018-05-28,72
148,2018-05-29,74
149,2018-05-30,66
150,2018-05-31,53
151,2018-06-01,69
152,2018-06-02,76
153,2018-06-03,77
154,2018-06-04,73
155,2018-06-05,69
156,2018-06-06,67
157,2018-06-07,67
158,2018-06-08,68
159,2018-06-09,56
160,2018-06-10,62
161,2018-06-11,73
162,2018-06-12,77
163,2018-06-13,77
164,2018-06-14,75
165,2018-06-15,70
166,2018-06-16,66
167,2018-06-17,58
168,2018-06-18,67
169,2018-06-19,74
170,2018-06-20,74
171,2018-06-21,77
172,2018-06-22,81
173,2018-06-23,82
174,2018-06-24,82
175,2018-06-25,77
176,2018-06-26,77
177,2018-06-27,75
178,2018-06-28,69
179,2018-06-29,74
180,2018-06-30,84
181,2018-07-01,83
182,2018-07-02,82
183,2018-07-03,74
184,2018-07-04,69
185,2018-07-05,71
186,2018-07-06,77
187,2018-07-07,79
188,2018-07-08,79
189,2018-07-09,79
190,2018-07-10,79
191,2018-07-11,81
192,2018-07-12,82
193,2018-07-13,79
194,2018-07-14,82
195,2018-07-15,83
196,2018-07-16,84
197,2018-07-17,84
198,2018-07-18,86
199,2018-07-19,86
200,2018-07-20,81
201,2018-07-21,80
202,2018-07-22,80
203,2018-07-23,83
204,2018-07-24,84
205,2018-07-25,88
206,2018-07-26,89
207,2018-07-27,86
208,2018-07-28,85
209,2018-07-29,83
210,2018-07-30,84
211,2018-07-31,86
212,2018-08-01,84
213,2018-08-02,82
214,2018-08-03,80
215,2018-08-04,76
216,2018-08-05,76
217,2018-08-06,79
218,2018-08-07,81
219,2018-08-08,83
220,2018-08-09,85
221,2018-08-10,87
222,2018-08-11,84
223,2018-08-12,82
224,2018-08-13,81
225,2018-08-14,80
226,2018-08-15,80
227,2018-08-16,80
228,2018-08-17,81
229,2018-08-18,83
230,2018-08-19,83
231,2018-08-20,80
232,2018-08-21,76
233,2018-08-22,75
234,2018-08-23,74
235,2018-08-24,71
236,2018-08-25,73
237,2018-08-26,72
238,2018-08-27,71
239,2018-08-28,71
240,2018-08-29,72
241,2018-08-30,68
242,2018-08-31,70
243,2018-09-01,78
244,2018-09-02,84
245,2018-09-03,83
246,2018-09-04,82
247,2018-09-05,79
248,2018-09-06,79
249,2018-09-07,81
250,2018-09-08,78
251,2018-09-09,78
252,2018-09-10,76
253,2018-09-11,73
254,2018-09-12,61
255,2018-09-13,60
256,2018-09-14,65
257,2018-09-15,61
258,2018-09-16,66
259,2018-09-17,67
260,2018-09-18,68
261,2018-09-19,68
262,2018-09-20,75
263,2018-09-21,75
264,2018-09-22,73
265,2018-09-23,71
266,2018-09-24,75
267,2018-09-25,80
268,2018-09-26,82
269,2018-09-27,81
270,2018-09-28,77
271,2018-09-29,60
272,2018-09-30,63
273,2018-10-01,64
274,2018-10-02,67
275,2018-10-03,59
276,2018-10-04,48
277,2018-10-05,58
278,2018-10-06,58
279,2018-10-07,61
280,2018-10-08,65
281,2018-10-09,60
282,2018-10-10,56
283,2018-10-11,61
284,2018-10-12,69
285,2018-10-13,70
286,2018-10-14,60
287,2018-10-15,67
288,2018-10-16,68
289,2018-10-17,65
290,2018-10-18,65
291,2018-10-19,73
292,2018-10-20,68
293,2018-10-21,66
294,2018-10-22,64
295,2018-10-23,60
296,2018-10-24,63
297,2018-10-25,68
298,2018-10-26,69
299,2018-10-27,67
300,2018-10-28,62
301,2018-10-29,54
302,2018-10-30,62
303,2018-10-31,66
304,2018-11-01,68
305,2018-11-02,67
306,2018-11-03,71
307,2018-11-04,65
308,2018-11-05,63
309,2018-11-06,65
310,2018-11-07,58
311,2018-11-08,54
312,2018-11-09,60
313,2018-11-10,57
314,2018-11-11,60
315,2018-11-12,61
316,2018-11-13,56
317,2018-11-14,61
318,2018-11-15,60
319,2018-11-16,61
320,2018-11-17,59
321,2018-11-18,60
322,2018-11-19,58
323,2018-11-20,57
324,2018-11-21,46
325,2018-11-22,37
326,2018-11-23,44
327,2018-11-24,48
328,2018-11-25,51
329,2018-11-26,52
330,2018-11-27,47
331,2018-11-28,41
332,2018-11-29,39
333,2018-11-30,36
334,2018-12-01,31
335,2018-12-02,33
336,2018-12-03,38
337,2018-12-04,42
338,2018-12-05,39
339,2018-12-06,46
340,2018-12-07,44
341,2018-12-08,M
342,2018-12-09,46
343,2018-12-10,47
344,2018-12-11,54
345,2018-12-12,53
346,2018-12-13,56
347,2018-12-14,49
348,2018-12-15,48
349,2018-12-16,45
350,2018-12-17,40
351,2018-12-18,42
352,2018-12-19,58
353,2018-12-20,50
354,2018-12-21,41
355,2018-12-22,53
356,2018-12-23,45
357,2018-12-24,40
358,2018-12-25,40
359,2018-12-26,49
360,2018-12-27,35
361,2018-12-28,40
362,2018-12-29,57
363,2018-12-30,48
364,2018-12-31,33
365,2019-01-01,40
366,2019-01-02,52
367,2019-01-03,49
368,2019-01-04,46
369,2019-01-05,41
370,2019-01-06,35
371,2019-01-07,43
372,2019-01-08,46
373,2019-01-09,39
374,2019-01-10,46
375,2019-01-11,50
376,2019-01-12,49
377,2019-01-13,48
378,2019-01-14,42
379,2019-01-15,36
380,2019-01-16,41
381,2019-01-17,39
382,2019-01-18,40
383,2019-01-19,46
384,2019-01-20,43
385,2019-01-21,34
386,2019-01-22,46
387,2019-01-23,52
388,2019-01-24,58
389,2019-01-25,60
390,2019-01-26,61
391,2019-01-27,62
392,2019-01-28,60
393,2019-01-29,55
394,2019-01-30,51
395,2019-01-31,53
396,2019-02-01,44
397,2019-02-02,41
398,2019-02-03,35
399,2019-02-04,30
400,2019-02-05,24
401,2019-02-06,25
402,2019-02-07,28
403,2019-02-08,30
404,2019-02-09,29
405,2019-02-10,24
406,2019-02-11,29
407,2019-02-12,40
408,2019-02-13,43
409,2019-02-14,44
410,2019-02-15,28
411,2019-02-16,27
412,2019-02-17,26
413,2019-02-18,31
414,2019-02-19,36
415,2019-02-20,29
416,2019-02-21,29
417,2019-02-22,37
418,2019-02-23,35
419,2019-02-24,35
420,2019-02-25,36
421,2019-02-26,33
422,2019-02-27,38
423,2019-02-28,35
424,2019-03-01,38
425,2019-03-02,41
426,2019-03-03,39
427,2019-03-04,38
428,2019-03-05,39
429,2019-03-06,39
430,2019-03-07,34
431,2019-03-08,30
432,2019-03-09,28
433,2019-03-10,39
434,2019-03-11,46
435,2019-03-12,42
436,2019-03-13,40
437,2019-03-14,51
438,2019-03-15,52
439,2019-03-16,55
440,2019-03-17,56
441,2019-03-18,57
442,2019-03-19,56
443,2019-03-20,41
444,2019-03-21,41
445,2019-03-22,37
446,2019-03-23,36
447,2019-03-24,46
448,2019-03-25,45
449,2019-03-26,41
450,2019-03-27,42
451,2019-03-28,37
452,2019-03-29,44
453,2019-03-30,52
454,2019-03-31,57
455,2019-04-01,52
456,2019-04-02,41
457,2019-04-03,45
458,2019-04-04,43
459,2019-04-05,37
460,2019-04-06,45
461,2019-04-07,51
462,2019-04-08,50
463,2019-04-09,45
464,2019-04-10,54
465,2019-04-11,45
466,2019-04-12,53
467,2019-04-13,55
468,2019-04-14,50
469,2019-04-15,44
470,2019-04-16,49
471,2019-04-17,62
472,2019-04-18,69
473,2019-04-19,67
474,2019-04-20,53
475,2019-04-21,57
476,2019-04-22,65
477,2019-04-23,73
478,2019-04-24,72
479,2019-04-25,72
480,2019-04-26,70
481,2019-04-27,68
482,2019-04-28,65
483,2019-04-29,61
484,2019-04-30,46
485,2019-05-01,56
486,2019-05-02,61
487,2019-05-03,62
488,2019-05-04,64
489,2019-05-05,64
490,2019-05-06,59
491,2019-05-07,61
492,2019-05-08,68
493,2019-05-09,67
494,2019-05-10,66
495,2019-05-11,70
496,2019-05-12,69
497,2019-05-13,65
498,2019-05-14,62
499,2019-05-15,52
500,2019-05-16,41
501,2019-05-17,43
502,2019-05-18,44
503,2019-05-19,36
504,2019-05-20,45
505,2019-05-21,36
506,2019-05-22,52
507,2019-05-23,55
508,2019-05-24,56
509,2019-05-25,54
510,2019-05-26,42
511,2019-05-27,44
512,2019-05-28,64
513,2019-05-29,64
514,2019-05-30,61
515,2019-05-31,67
516,2019-06-01,69
517,2019-06-02,68
518,2019-06-03,72
519,2019-06-04,77
520,2019-06-05,75
521,2019-06-06,65
522,2019-06-07,57
523,2019-06-08,68
524,2019-06-09,75
525,2019-06-10,79
526,2019-06-11,82
527,2019-06-12,80
528,2019-06-13,76
529,2019-06-14,76
530,2019-06-15,74
531,2019-06-16,75
532,2019-06-17,79
533,2019-06-18,81
534,2019-06-19,79
535,2019-06-20,69
536,2019-06-21,67
537,2019-06-22,75
538,2019-06-23,73
539,2019-06-24,72
540,2019-06-25,69
541,2019-06-26,62
542,2019-06-27,60
543,2019-06-28,62
544,2019-06-29,66
545,2019-06-30,69
546,2019-07-01,69
547,2019-07-02,69
548,2019-07-03,69
549,2019-07-04,71
550,2019-07-05,75
551,2019-07-06,74
552,2019-07-07,71
553,2019-07-08,67
554,2019-07-09,70
555,2019-07-10,73
556,2019-07-11,77
557,2019-07-12,79
558,2019-07-13,79
559,2019-07-14,76
560,2019-07-15,76
561,2019-07-16,73
562,2019-07-17,75
563,2019-07-18,75
564,2019-07-19,74
565,2019-07-20,74
566,2019-07-21,75
567,2019-07-22,79
568,2019-07-23,79
569,2019-07-24,81
570,2019-07-25,81
571,2019-07-26,79
572,2019-07-27,84
573,2019-07-28,83
574,2019-07-29,79
575,2019-07-30,76
576,2019-07-31,78
577,2019-08-01,76
578,2019-08-02,78
579,2019-08-03,79
580,2019-08-04,78
581,2019-08-05,79
582,2019-08-06,80
583,2019-08-07,79
584,2019-08-08,74
585,2019-08-09,68
586,2019-08-10,63
587,2019-08-11,70
588,2019-08-12,75
589,2019-08-13,79
590,2019-08-14,84
591,2019-08-15,85
592,2019-08-16,83
593,2019-08-17,79
594,2019-08-18,74
595,2019-08-19,74
596,2019-08-20,76
597,2019-08-21,77
598,2019-08-22,77
599,2019-08-23,80
600,2019-08-24,80
601,2019-08-25,80
602,2019-08-26,85
603,2019-08-27,84
604,2019-08-28,82
605,2019-08-29,77
606,2019-08-30,77
607,2019-08-31,78
608,2019-09-01,79
609,2019-09-02,79
610,2019-09-03,80
611,2019-09-04,82
612,2019-09-05,79
613,2019-09-06,76
614,2019-09-07,72
615,2019-09-08,63
616,2019-09-09,63
617,2019-09-10,61
618,2019-09-11,69
619,2019-09-12,74
620,2019-09-13,78
621,2019-09-14,79
622,2019-09-15,73
623,2019-09-16,54
624,2019-09-17,60
625,2019-09-18,51
626,2019-09-19,55
627,2019-09-20,62
628,2019-09-21,67
629,2019-09-22,66
630,2019-09-23,71
631,2019-09-24,83
632,2019-09-25,83
633,2019-09-26,76
634,2019-09-27,65
635,2019-09-28,50
636,2019-09-29,42
637,2019-09-30,42
638,2019-10-01,52
639,2019-10-02,58
640,2019-10-03,56
641,2019-10-04,57
642,2019-10-05,64
643,2019-10-06,70
644,2019-10-07,70
645,2019-10-08,68
646,2019-10-09,60
647,2019-10-10,62
648,2019-10-11,62
649,2019-10-12,62
650,2019-10-13,60
651,2019-10-14,64
652,2019-10-15,65
653,2019-10-16,64
654,2019-10-17,49
655,2019-10-18,53
656,2019-10-19,47
657,2019-10-20,61
658,2019-10-21,70
659,2019-10-22,72
660,2019-10-23,66
661,2019-10-24,71
662,2019-10-25,71
663,2019-10-26,67
664,2019-10-27,44
665,2019-10-28,53
666,2019-10-29,52
667,2019-10-30,M
668,2019-10-31,M
669,2019-11-01,67
670,2019-11-02,66
671,2019-11-03,67
672,2019-11-04,70
673,2019-11-05,68
674,2019-11-06,65
675,2019-11-07,66
676,2019-11-08,68
677,2019-11-09,67
678,2019-11-10,68
679,2019-11-11,70
680,2019-11-12,65
681,2019-11-13,64
682,2019-11-14,61
683,2019-11-15,57
684,2019-11-16,69
685,2019-11-17,70
686,2019-11-18,67
687,2019-11-19,54
688,2019-11-20,42
689,2019-11-21,46
690,2019-11-22,48
691,2019-11-23,55
692,2019-11-24,56
693,2019-11-25,44
694,2019-11-26,33
695,2019-11-27,26
696,2019-11-28,32
697,2019-11-29,26
698,2019-11-30,36
699,2019-12-01,39
700,2019-12-02,43
701,2019-12-03,54
702,2019-12-04,48
703,2019-12-05,45
704,2019-12-06,47
705,2019-12-07,42
706,2019-12-08,42
707,2019-12-09,47
708,2019-12-10,49
709,2019-12-11,42
710,2019-12-12,44
711,2019-12-13,43
712,2019-12-14,37
713,2019-12-15,33
714,2019-12-16,46
715,2019-12-17,44
716,2019-12-18,36
717,2019-12-19,45
718,2019-12-20,48
719,2019-12-21,48
720,2019-12-22,47
721,2019-12-23,38
722,2019-12-24,31
723,2019-12-25,32
724,2019-12-26,39
725,2019-12-27,45
726,2019-12-28,50
727,2019-12-29,45
728,2019-12-30,48
729,2019-12-31,55
730,2020-01-01,49
731,2020-01-02,53
732,2020-01-03,56
733,2020-01-04,46
734,2020-01-05,40
735,2020-01-06,52
736,2020-01-07,48
737,2020-01-08,33
738,2020-01-09,36
739,2020-01-10,44
740,2020-01-11,32
741,2020-01-12,32
742,2020-01-13,31
743,2020-01-14,32
744,2020-01-15,34
745,2020-01-16,34
746,2020-01-17,34
747,2020-01-18,49
748,2020-01-19,56
749,2020-01-20,48
750,2020-01-21,38
751,2020-01-22,47
752,2020-01-23,52
753,2020-01-24,44
754,2020-01-25,52
755,2020-01-26,41
756,2020-01-27,43
757,2020-01-28,38
758,2020-01-29,53
759,2020-01-30,55
760,2020-01-31,63
761,2020-02-01,63
762,2020-02-02,48
763,2020-02-03,32
764,2020-02-04,41
765,2020-02-05,54
766,2020-02-06,60
767,2020-02-07,59
768,2020-02-08,49
769,2020-02-09,40
770,2020-02-10,55
771,2020-02-11,59
772,2020-02-12,57
773,2020-02-13,51
774,2020-02-14,52
775,2020-02-15,51
776,2020-02-16,50
777,2020-02-17,55
778,2020-02-18,50
779,2020-02-19,50
780,2020-02-20,52
781,2020-02-21,55
782,2020-02-22,55
783,2020-02-23,50
784,2020-02-24,57
785,2020-02-25,62
786,2020-02-26,59
787,2020-02-27,63
788,2020-02-28,57
789,2020-02-29,51
790,2020-03-01,35
791,2020-03-02,48
792,2020-03-03,65
793,2020-03-04,62
794,2020-03-05,59
795,2020-03-06,57
796,2020-03-07,40
797,2020-03-08,35
798,2020-03-09,45
799,2020-03-10,58
800,2020-03-11,51
801,2020-03-12,62
802,2020-03-13,51
803,2020-03-14,34
804,2020-03-15,M
805,2020-03-16,M
806,2020-03-17,M
807,2020-03-18,M
808,2020-03-19,37
809,2020-03-20,44
810,2020-03-21,47
811,2020-03-22,47
812,2020-03-23,41
813,2020-03-24,32
814,2020-03-25,30
815,2020-03-26,36
816,2020-03-27,38
817,2020-03-28,36
818,2020-03-29,37
819,2020-03-30,40
820,2020-03-31,45
821,2020-04-01,41
822,2020-04-02,46
823,2020-04-03,46
824,2020-04-04,38
825,2020-04-05,33
826,2020-04-06,39
827,2020-04-07,46
828,2020-04-08,59
829,2020-04-09,40
830,2020-04-10,53
831,2020-04-11,55
832,2020-04-12,53
833,2020-04-13,54
834,2020-04-14,58
835,2020-04-15,58
836,2020-04-16,60
837,2020-04-17,55
838,2020-04-18,51
839,2020-04-19,50
840,2020-04-20,48
841,2020-04-21,59
842,2020-04-22,61
843,2020-04-23,63
844,2020-04-24,69
845,2020-04-25,66
846,2020-04-26,66
847,2020-04-27,66
848,2020-04-28,74
849,2020-04-29,68
850,2020-04-30,59
851,2020-05-01,62
852,2020-05-02,57
853,2020-05-03,57
854,2020-05-04,63
855,2020-05-05,64
856,2020-05-06,68
857,2020-05-07,75
858,2020-05-08,76
859,2020-05-09,74
860,2020-05-10,69
861,2020-05-11,57
862,2020-05-12,42
863,2020-05-13,46
864,2020-05-14,44
865,2020-05-15,58
866,2020-05-16,62
867,2020-05-17,47
868,2020-05-18,40
869,2020-05-19,42
870,2020-05-20,52
871,2020-05-21,59
872,2020-05-22,55
873,2020-05-23,64
874,2020-05-24,70
875,2020-05-25,75
876,2020-05-26,78
877,2020-05-27,79
878,2020-05-28,83
879,2020-05-29,80
880,2020-05-30,56
881,2020-05-31,60
882,2020-06-01,64
883,2020-06-02,76
884,2020-06-03,78
885,2020-06-04,79
886,2020-06-05,72
887,2020-06-06,53
888,2020-06-07,48
889,2020-06-08,61
890,2020-06-09,69
891,2020-06-10,74
892,2020-06-11,74
893,2020-06-12,61
894,2020-06-13,52
895,2020-06-14,64
896,2020-06-15,62
897,2020-06-16,59
898,2020-06-17,71
899,2020-06-18,74
900,2020-06-19,76
901,2020-06-20,76
902,2020-06-21,77
903,2020-06-22,81
904,2020-06-23,82
905,2020-06-24,81
906,2020-06-25,82
907,2020-06-26,88
908,2020-06-27,81
909,2020-06-28,64
910,2020-06-29,67
911,2020-06-30,68
912,2020-07-01,72
913,2020-07-02,72
914,2020-07-03,71
915,2020-07-04,74
916,2020-07-05,76
917,2020-07-06,75
918,2020-07-07,72
919,2020-07-08,75
920,2020-07-09,76
921,2020-07-10,82
922,2020-07-11,82
923,2020-07-12,82
924,2020-07-13,80
925,2020-07-14,79
926,2020-07-15,82
927,2020-07-16,80
928,2020-07-17,80
929,2020-07-18,81
930,2020-07-19,83
931,2020-07-20,80
932,2020-07-21,81
933,2020-07-22,76
934,2020-07-23,76
935,2020-07-24,77
936,2020-07-25,79
937,2020-07-26,81
938,2020-07-27,81
939,2020-07-28,82
940,2020-07-29,81
941,2020-07-30,81
942,2020-07-31,81
943,2020-08-01,82
944,2020-08-02,80
945,2020-08-03,80
946,2020-08-04,78
947,2020-08-05,74
948,2020-08-06,72
949,2020-08-07,74
950,2020-08-08,79
951,2020-08-09,82
952,2020-08-10,83
953,2020-08-11,79
954,2020-08-12,78
955,2020-08-13,82
956,2020-08-14,87
957,2020-08-15,89
958,2020-08-16,86
959,2020-08-17,90
960,2020-08-18,87
961,2020-08-19,81
962,2020-08-20,82
963,2020-08-21,78
964,2020-08-22,82
965,2020-08-23,83
966,2020-08-24,79
967,2020-08-25,78
968,2020-08-26,78
969,2020-08-27,78
970,2020-08-28,81
971,2020-08-29,80
972,2020-08-30,81
973,2020-08-31,79
974,2020-09-01,85
975,2020-09-02,82
976,2020-09-03,84
977,2020-09-04,87
978,2020-09-05,93
979,2020-09-06,90
980,2020-09-07,89
981,2020-09-08,77
982,2020-09-09,78
983,2020-09-10,71
984,2020-09-11,76
985,2020-09-12,80
986,2020-09-13,80
987,2020-09-14,78
988,2020-09-15,78
989,2020-09-16,76
990,2020-09-17,74
991,2020-09-18,64
992,2020-09-19,70
993,2020-09-20,75
994,2020-09-21,73
995,2020-09-22,71
996,2020-09-23,74
997,2020-09-24,71
998,2020-09-25,72
999,2020-09-26,72
1000,2020-09-27,80
1001,2020-09-28,84
1002,2020-09-29,80
1003,2020-09-30,82
1004,2020-10-01,86
1005,2020-10-02,82
1006,2020-10-03,82
1007,2020-10-04,76
1008,2020-10-05,78
1009,2020-10-06,78
1010,2020-10-07,75
1011,2020-10-08,68
1012,2020-10-09,67
1013,2020-10-10,60
1014,2020-10-11,66
1015,2020-10-12,72
1016,2020-10-13,74
1017,2020-10-14,81
1018,2020-10-15,83
1019,2020-10-16,81
1020,2020-10-17,77
1021,2020-10-18,74
1022,2020-10-19,73
1023,2020-10-20,75
1024,2020-10-21,71
1025,2020-10-22,70
1026,2020-10-23,65
1027,2020-10-24,61
1028,2020-10-25,56
1029,2020-10-26,57
1030,2020-10-27,71
1031,2020-10-28,74
1032,2020-10-29,71
1033,2020-10-30,68
1034,2020-10-31,71
1035,2020-11-01,71
1036,2020-11-02,73
1037,2020-11-03,68
1038,2020-11-04,70
1039,2020-11-05,73
1040,2020-11-06,54
1041,2020-11-07,36
1042,2020-11-08,33
1043,2020-11-09,38
1044,2020-11-10,45
1045,2020-11-11,47
1046,2020-11-12,49
1047,2020-11-13,40
1048,2020-11-14,47
1049,2020-11-15,52
1050,2020-11-16,67
1051,2020-11-17,57
1052,2020-11-18,40
1053,2020-11-19,48
1054,2020-11-20,56
1055,2020-11-21,61
1056,2020-11-22,54
1057,2020-11-23,48
1058,2020-11-24,55
1059,2020-11-25,41
1060,2020-11-26,45
1061,2020-11-27,58
1062,2020-11-28,54
1063,2020-11-29,55
1064,2020-11-30,54
1065,2020-12-01,63
1066,2020-12-02,62
1067,2020-12-03,55
1068,2020-12-04,57
1069,2020-12-05,55
1070,2020-12-06,51
1071,2020-12-07,56
1072,2020-12-08,70
1073,2020-12-09,55
1074,2020-12-10,51
1075,2020-12-11,41
1076,2020-12-12,44
1077,2020-12-13,39
1078,2020-12-14,40
1079,2020-12-15,49
1080,2020-12-16,47
1081,2020-12-17,37
1082,2020-12-18,51
1083,2020-12-19,53
1084,2020-12-20,60
1085,2020-12-21,55
1086,2020-12-22,49
1087,2020-12-23,54
1088,2020-12-24,51
1089,2020-12-25,45
1090,2020-12-26,35
1091,2020-12-27,43
1092,2020-12-28,36
1093,2020-12-29,50
1094,2020-12-30,47
1095,2020-12-31,43
1096,2021-01-01,52
1097,2021-01-02,39
1098,2021-01-03,45
1099,2021-01-04,41
1100,2021-01-05,47
1101,2021-01-06,47
1102,2021-01-07,52
1103,2021-01-08,45
1104,2021-01-09,55
1105,2021-01-10,49
1106,2021-01-11,55
1107,2021-01-12,48
1108,2021-01-13,51
1109,2021-01-14,67
1110,2021-01-15,61
1111,2021-01-16,64
1112,2021-01-17,67
1113,2021-01-18,55
1114,2021-01-19,42
1115,2021-01-20,52
1116,2021-01-21,48
1117,2021-01-22,38
1118,2021-01-23,41
1119,2021-01-24,33
1120,2021-01-25,27
1121,2021-01-26,29
1122,2021-01-27,31
1123,2021-01-28,31
1124,2021-01-29,30
1125,2021-01-30,37
1126,2021-01-31,44
1127,2021-02-01,45
1128,2021-02-02,41
1129,2021-02-03,31
1130,2021-02-04,51
1131,2021-02-05,56
1132,2021-02-06,61
1133,2021-02-07,58
1134,2021-02-08,50
1135,2021-02-09,42
1136,2021-02-10,49
1137,2021-02-11,43
1138,2021-02-12,42
1139,2021-02-13,38
1140,2021-02-14,38
1141,2021-02-15,39
1142,2021-02-16,41
1143,2021-02-17,39
1144,2021-02-18,42
1145,2021-02-19,39
1146,2021-02-20,37
1147,2021-02-21,52
1148,2021-02-22,58
1149,2021-02-23,57
1150,2021-02-24,50
1151,2021-02-25,51
1152,2021-02-26,46
1153,2021-02-27,43
1154,2021-02-28,52
1155,2021-03-01,47
1156,2021-03-02,52
1157,2021-03-03,53
1158,2021-03-04,49
1159,2021-03-05,51
1160,2021-03-06,41
1161,2021-03-07,49
1162,2021-03-08,35
1163,2021-03-09,33
1164,2021-03-10,28
1165,2021-03-11,39
1166,2021-03-12,47
1167,2021-03-13,48
1168,2021-03-14,43
1169,2021-03-15,30
1170,2021-03-16,37
1171,2021-03-17,43
1172,2021-03-18,42
1173,2021-03-19,36
1174,2021-03-20,35
1175,2021-03-21,49
1176,2021-03-22,42
1177,2021-03-23,40
1178,2021-03-24,49
1179,2021-03-25,40
1180,2021-03-26,54
1181,2021-03-27,59
1182,2021-03-28,60
1183,2021-03-29,56
1184,2021-03-30,57
1185,2021-03-31,64
1186,2021-04-01,63
1187,2021-04-02,64
1188,2021-04-03,63
1189,2021-04-04,59
1190,2021-04-05,54
1191,2021-04-06,59
1192,2021-04-07,56
1193,2021-04-08,56
1194,2021-04-09,60
1195,2021-04-10,61
1196,2021-04-11,63
1197,2021-04-12,63
1198,2021-04-13,51
1199,2021-04-14,49
1200,2021-04-15,53
1201,2021-04-16,60
1202,2021-04-17,60
1203,2021-04-18,68
1204,2021-04-19,66
1205,2021-04-20,60
1206,2021-04-21,59
1207,2021-04-22,59
1208,2021-04-23,59
1209,2021-04-24,46
1210,2021-04-25,40
1211,2021-04-26,40
1212,2021-04-27,56
1213,2021-04-28,67
1214,2021-04-29,71
1215,2021-04-30,72
1216,2021-05-01,65
1217,2021-05-02,64
1218,2021-05-03,69
1219,2021-05-04,69
1220,2021-05-05,73
1221,2021-05-06,68
1222,2021-05-07,61
1223,2021-05-08,69
1224,2021-05-09,64
1225,2021-05-10,72
1226,2021-05-11,70
1227,2021-05-12,72
1228,2021-05-13,75
1229,2021-05-14,73
1230,2021-05-15,62
1231,2021-05-16,63
1232,2021-05-17,65
1233,2021-05-18,65
1234,2021-05-19,56
1235,2021-05-20,41
1236,2021-05-21,46
1237,2021-05-22,48
1238,2021-05-23,57
1239,2021-05-24,64
1240,2021-05-25,61
1241,2021-05-26,68
1242,2021-05-27,69
1243,2021-05-28,70
1244,2021-05-29,73
1245,2021-05-30,80
1246,2021-05-31,83
1247,2021-06-01,84
1248,2021-06-02,83
1249,2021-06-03,83
1250,2021-06-04,80
1251,2021-06-05,77
1252,2021-06-06,71
1253,2021-06-07,65
1254,2021-06-08,54
1255,2021-06-09,50
1256,2021-06-10,59
1257,2021-06-11,64
1258,2021-06-12,72
1259,2021-06-13,71
1260,2021-06-14,65
1261,2021-06-15,73
1262,2021-06-16,81
1263,2021-06-17,88
1264,2021-06-18,88
1265,2021-06-19,87
1266,2021-06-20,85
1267,2021-06-21,80
1268,2021-06-22,75
1269,2021-06-23,74
1270,2021-06-24,72
1271,2021-06-25,78
1272,2021-06-26,87
1273,2021-06-27,90
1274,2021-06-28,88
1275,2021-06-29,87
1276,2021-06-30,83
1277,2021-07-01,80
1278,2021-07-02,82
1279,2021-07-03,82
1280,2021-07-04,81
1281,2021-07-05,82
1282,2021-07-06,82
1283,2021-07-07,85
1284,2021-07-08,87
1285,2021-07-09,91
1286,2021-07-10,92
1287,2021-07-11,92
1288,2021-07-12,91
1289,2021-07-13,86
1290,2021-07-14,82
1291,2021-07-15,77
1292,2021-07-16,78
1293,2021-07-17,81
1294,2021-07-18,84
1295,2021-07-19,82
1296,2021-07-20,81
1297,2021-07-21,82
1298,2021-07-22,82
1299,2021-07-23,85
1300,2021-07-24,84
1301,2021-07-25,84
1302,2021-07-26,81
1303,2021-07-27,79
1304,2021-07-28,87
1305,2021-07-29,86
1306,2021-07-30,84
1307,2021-07-31,84
1308,2021-08-01,84
1309,2021-08-02,84
1310,2021-08-03,87
1311,2021-08-04,87
1312,2021-08-05,77
1313,2021-08-06,80
1314,2021-08-07,79
1315,2021-08-08,81
1316,2021-08-09,82
1317,2021-08-10,85
1318,2021-08-11,88
1319,2021-08-12,89
1320,2021-08-13,87
1321,2021-08-14,91
1322,2021-08-15,92
1323,2021-08-16,91
1324,2021-08-17,77
1325,2021-08-18,71
1326,2021-08-19,72
1327,2021-08-20,75
1328,2021-08-21,70
1329,2021-08-22,72
1330,2021-08-23,74
1331,2021-08-24,73
1332,2021-08-25,75
1333,2021-08-26,79
1334,2021-08-27,83
1335,2021-08-28,83
1336,2021-08-29,86
1337,2021-08-30,85
1338,2021-08-31,81
1339,2021-09-01,75
1340,2021-09-02,74
1341,2021-09-03,75
1342,2021-09-04,82
1343,2021-09-05,84
1344,2021-09-06,87
1345,2021-09-07,89
1346,2021-09-08,89
1347,2021-09-09,87
1348,2021-09-10,68
1349,2021-09-11,75
1350,2021-09-12,76
1351,2021-09-13,79
1352,2021-09-14,81
1353,2021-09-15,77
1354,2021-09-16,75
1355,2021-09-17,74
1356,2021-09-18,65
1357,2021-09-19,61
1358,2021-09-20,80
1359,2021-09-21,78
1360,2021-09-22,76
1361,2021-09-23,82
1362,2021-09-24,81
1363,2021-09-25,77
1364,2021-09-26,72
1365,2021-09-27,66
1366,2021-09-28,61
1367,2021-09-29,68
1368,2021-09-30,72
1369,2021-10-01,71
1370,2021-10-02,74
1371,2021-10-03,73
1372,2021-10-04,74
1373,2021-10-05,67
1374,2021-10-06,60
1375,2021-10-07,57
1376,2021-10-08,48
1377,2021-10-09,59
1378,2021-10-10,61
1379,2021-10-11,46
1380,2021-10-12,51
1381,2021-10-13,53
1382,2021-10-14,64
1383,2021-10-15,66
1384,2021-10-16,68
1385,2021-10-17,57
1386,2021-10-18,39
1387,2021-10-19,48
1388,2021-10-20,49
1389,2021-10-21,52
1390,2021-10-22,50
1391,2021-10-23,42
1392,2021-10-24,46
1393,2021-10-25,39
1394,2021-10-26,43
1395,2021-10-27,61
1396,2021-10-28,68
1397,2021-10-29,63
1398,2021-10-30,55
1399,2021-10-31,51
1400,2021-11-01,48
1401,2021-11-02,53
1402,2021-11-03,60
1403,2021-11-04,51
1404,2021-11-05,57
1405,2021-11-06,45
1406,2021-11-07,45
1407,2021-11-08,50
1408,2021-11-09,44
1409,2021-11-10,54
1410,2021-11-11,66
1411,2021-11-12,67
1412,2021-11-13,69
1413,2021-11-14,67
1414,2021-11-15,59
1415,2021-11-16,56
1416,2021-11-17,57
1417,2021-11-18,52
1418,2021-11-19,47
1419,2021-11-20,53
1420,2021-11-21,60
1421,2021-11-22,59
1422,2021-11-23,49
1423,2021-11-24,55
1424,2021-11-25,58
1425,2021-11-26,62
1426,2021-11-27,65
1427,2021-11-28,65
1428,2021-11-29,65
1429,2021-11-30,73
1430,2021-12-01,69
1431,2021-12-02,63
1432,2021-12-03,62
1433,2021-12-04,60
1434,2021-12-05,64
1435,2021-12-06,56
1436,2021-12-07,55
1437,2021-12-08,46
1438,2021-12-09,36
1439,2021-12-10,41
1440,2021-12-11,38
1441,2021-12-12,35
1442,2021-12-13,36
1443,2021-12-14,28
1444,2021-12-15,30
1445,2021-12-16,32
1446,2021-12-17,47
1447,2021-12-18,48
1448,2021-12-19,43
1449,2021-12-20,45
1450,2021-12-21,48
1451,2021-12-22,40
1452,2021-12-23,41
1453,2021-12-24,35
1454,2021-12-25,30
1455,2021-12-26,25
1456,2021-12-27,M
1457,2021-12-28,M
1458,2021-12-29,M
1459,2021-12-30,32
1460,2021-12-31,31
1461,2022-01-01,42
1462,2022-01-02,37
1463,2022-01-03,35
1464,2022-01-04,37
1465,2022-01-05,49
1466,2022-01-06,49
1467,2022-01-07,39
1468,2022-01-08,46
1469,2022-01-09,48
1470,2022-01-10,52
1471,2022-01-11,61
1472,2022-01-12,61
1473,2022-01-13,50
1474,2022-01-14,56
1475,2022-01-15,57
1476,2022-01-16,49
1477,2022-01-17,49
1478,2022-01-18,49
1479,2022-01-19,54
1480,2022-01-20,57
1481,2022-01-21,48
1482,2022-01-22,50
1483,2022-01-23,54
1484,2022-01-24,53
1485,2022-01-25,49
1486,2022-01-26,50
1487,2022-01-27,55
1488,2022-01-28,54
1489,2022-01-29,51
1490,2022-01-30,54
1491,2022-01-31,49
1492,2022-02-01,40
1493,2022-02-02,43
1494,2022-02-03,52
1495,2022-02-04,50
1496,2022-02-05,60
1497,2022-02-06,62
1498,2022-02-07,59
1499,2022-02-08,59
1500,2022-02-09,59
1501,2022-02-10,66
1502,2022-02-11,66
1503,2022-02-12,60
1504,2022-02-13,61
1505,2022-02-14,51
1506,2022-02-15,38
1507,2022-02-16,47
1508,2022-02-17,51
1509,2022-02-18,57
1510,2022-02-19,56
1511,2022-02-20,47
1512,2022-02-21,35
1513,2022-02-22,27
1514,2022-02-23,32
1515,2022-02-24,36
1516,2022-02-25,44
1517,2022-02-26,45
1518,2022-02-27,54
1519,2022-02-28,60
1520,2022-03-01,59
1521,2022-03-02,57
1522,2022-03-03,50
1523,2022-03-04,42
1524,2022-03-05,30
1525,2022-03-06,46
1526,2022-03-07,48
1527,2022-03-08,53
1528,2022-03-09,47
1529,2022-03-10,47
1530,2022-03-11,53
1531,2022-03-12,51
1532,2022-03-13,43
1533,2022-03-14,54
1534,2022-03-15,49
1535,2022-03-16,55
1536,2022-03-17,51
1537,2022-03-18,56
1538,2022-03-19,43
1539,2022-03-20,52
1540,2022-03-21,62
1541,2022-03-22,68
1542,2022-03-23,65
1543,2022-03-24,66
1544,2022-03-25,65
1545,2022-03-26,63
1546,2022-03-27,57
1547,2022-03-28,40
1548,2022-03-29,54
1549,2022-03-30,49
1550,2022-03-31,54
1551,2022-04-01,59
1552,2022-04-02,62
1553,2022-04-03,61
1554,2022-04-04,54
1555,2022-04-05,59
1556,2022-04-06,73
1557,2022-04-07,73
1558,2022-04-08,69
1559,2022-04-09,60
1560,2022-04-10,53
1561,2022-04-11,39
1562,2022-04-12,35
1563,2022-04-13,39
1564,2022-04-14,36
1565,2022-04-15,45
1566,2022-04-16,41
1567,2022-04-17,54
1568,2022-04-18,51
1569,2022-04-19,44
1570,2022-04-20,48
1571,2022-04-21,37
1572,2022-04-22,40
1573,2022-04-23,54
1574,2022-04-24,59
1575,2022-04-25,60
1576,2022-04-26,59
1577,2022-04-27,56
1578,2022-04-28,47
1579,2022-04-29,61
1580,2022-04-30,58
1581,2022-05-01,62
1582,2022-05-02,52
1583,2022-05-03,68
1584,2022-05-04,69
1585,2022-05-05,61
1586,2022-05-06,56
1587,2022-05-07,52
1588,2022-05-08,39
1589,2022-05-09,37
1590,2022-05-10,37
1591,2022-05-11,46
1592,2022-05-12,51
1593,2022-05-13,62
1594,2022-05-14,72
1595,2022-05-15,72
1596,2022-05-16,66
1597,2022-05-17,70
1598,2022-05-18,78
1599,2022-05-19,67
1600,2022-05-20,59
1601,2022-05-21,64
1602,2022-05-22,66
1603,2022-05-23,72
1604,2022-05-24,76
1605,2022-05-25,79
1606,2022-05-26,73
1607,2022-05-27,67
1608,2022-05-28,53
1609,2022-05-29,56
1610,2022-05-30,57
1611,2022-05-31,M
1612,2022-06-01,71
1613,2022-06-02,71
1614,2022-06-03,65
1615,2022-06-04,54
1616,2022-06-05,54
1617,2022-06-06,66
1618,2022-06-07,72
1619,2022-06-08,72
1620,2022-06-09,76
1621,2022-06-10,79
1622,2022-06-11,76
1623,2022-06-12,61
1624,2022-06-13,58
1625,2022-06-14,67
1626,2022-06-15,74
1627,2022-06-16,67
1628,2022-06-17,52
1629,2022-06-18,52
1630,2022-06-19,61
1631,2022-06-20,68
1632,2022-06-21,81
1633,2022-06-22,79
1634,2022-06-23,76
1635,2022-06-24,80
1636,2022-06-25,82
1637,2022-06-26,82
1638,2022-06-27,82
1639,2022-06-28,79
1640,2022-06-29,77
1641,2022-06-30,73
1642,2022-07-01,74
1643,2022-07-02,70
1644,2022-07-03,63
1645,2022-07-04,65
1646,2022-07-05,66
1647,2022-07-06,67
1648,2022-07-07,70
1649,2022-07-08,75
1650,2022-07-09,74
1651,2022-07-10,80
1652,2022-07-11,85
1653,2022-07-12,83
1654,2022-07-13,78
1655,2022-07-14,80
1656,2022-07-15,83
1657,2022-07-16,84
1658,2022-07-17,84
1659,2022-07-18,82
1660,2022-07-19,82
1661,2022-07-20,84
1662,2022-07-21,83
1663,2022-07-22,81
1664,2022-07-23,81
1665,2022-07-24,81
1666,2022-07-25,83
1667,2022-07-26,82
1668,2022-07-27,83
1669,2022-07-28,88
1670,2022-07-29,88
1671,2022-07-30,86
1672,2022-07-31,81
1673,2022-08-01,73
1674,2022-08-02,81
1675,2022-08-03,84
1676,2022-08-04,84
1677,2022-08-05,75
1678,2022-08-06,76
1679,2022-08-07,80
1680,2022-08-08,80
1681,2022-08-09,73
1682,2022-08-10,75
1683,2022-08-11,77
1684,2022-08-12,78
1685,2022-08-13,80
1686,2022-08-14,81
1687,2022-08-15,84
1688,2022-08-16,88
1689,2022-08-17,85
1690,2022-08-18,84
1691,2022-08-19,85
1692,2022-08-20,85
1693,2022-08-21,84
1694,2022-08-22,82
1695,2022-08-23,84
1696,2022-08-24,84
1697,2022-08-25,82
1698,2022-08-26,82
1699,2022-08-27,80
1700,2022-08-28,81
1701,2022-08-29,83
1702,2022-08-30,85
1703,2022-08-31,86
1704,2022-09-01,90
1705,2022-09-02,90
1706,2022-09-03,86
1707,2022-09-04,91
1708,2022-09-05,95
1709,2022-09-06,96
1710,2022-09-07,88
1711,2022-09-08,91
1712,2022-09-09,88
1713,2022-09-10,77
1714,2022-09-11,73
1715,2022-09-12,70
1716,2022-09-13,69
1717,2022-09-14,64
1718,2022-09-15,63
1719,2022-09-16,67
1720,2022-09-17,63
1721,2022-09-18,58
1722,2022-09-19,56
1723,2022-09-20,54
1724,2022-09-21,52
1725,2022-09-22,66
1726,2022-09-23,72
1727,2022-09-24,76
1728,2022-09-25,79
1729,2022-09-26,79
1730,2022-09-27,75
1731,2022-09-28,72
1732,2022-09-29,71
1733,2022-09-30,74
1734,2022-10-01,72
1735,2022-10-02,70
1736,2022-10-03,73
1737,2022-10-04,75
1738,2022-10-05,75
1739,2022-10-06,76
1740,2022-10-07,78
1741,2022-10-08,78
1742,2022-10-09,76
1743,2022-10-10,75
1744,2022-10-11,75
1745,2022-10-12,79
1746,2022-10-13,79
1747,2022-10-14,80
1748,2022-10-15,75
1749,2022-10-16,69
1750,2022-10-17,68
1751,2022-10-18,74
1752,2022-10-19,78
1753,2022-10-20,74
1754,2022-10-21,70
1755,2022-10-22,56
1756,2022-10-23,49
1757,2022-10-24,58
1758,2022-10-25,55
1759,2022-10-26,54
1760,2022-10-27,58
1761,2022-10-28,58
1762,2022-10-29,62
1763,2022-10-30,65
1764,2022-10-31,60
1765,2022-11-01,46
1766,2022-11-02,31
1767,2022-11-03,39
1768,2022-11-04,49
1769,2022-11-05,43
1770,2022-11-06,43
1771,2022-11-07,35
1772,2022-11-08,32
1773,2022-11-09,31
1774,2022-11-10,43
1775,2022-11-11,43
1776,2022-11-12,36
1777,2022-11-13,48
1778,2022-11-14,48
1779,2022-11-15,49
1780,2022-11-16,59
1781,2022-11-17,52
1782,2022-11-18,48
1783,2022-11-19,53
1784,2022-11-20,51
1785,2022-11-21,53
1786,2022-11-22,55
1787,2022-11-23,61
1788,2022-11-24,63
1789,2022-11-25,55
1790,2022-11-26,55
1791,2022-11-27,50
1792,2022-11-28,39
1793,2022-11-29,44
1794,2022-11-30,39
1795,2022-12-01,33
1796,2022-12-02,36
1797,2022-12-03,41
1798,2022-12-04,38
1799,2022-12-05,32
1800,2022-12-06,38
1801,2022-12-07,37
1802,2022-12-08,33
1803,2022-12-09,34
1804,2022-12-10,38
1805,2022-12-11,31
1806,2022-12-12,32
1807,2022-12-13,39
1808,2022-12-14,48
1809,2022-12-15,52
1810,2022-12-16,47
1811,2022-12-17,45
1812,2022-12-18,43
1813,2022-12-19,43
1814,2022-12-20,45
1815,2022-12-21,49
1816,2022-12-22,49
1817,2022-12-23,49
1818,2022-12-24,58
1819,2022-12-25,65
1820,2022-12-26,55
1821,2022-12-27,41
1822,2022-12-28,37
1823,2022-12-29,38
1824,2022-12-30,45
1825,2022-12-31,44
1826,2023-01-01,34
1827,2023-01-02,33
1828,2023-01-03,34
1829,2023-01-04,45
1830,2023-01-05,39
1831,2023-01-06,35
1832,2023-01-07,40
1833,2023-01-08,38
1834,2023-01-09,42
1835,2023-01-10,39
1836,2023-01-11,40
1837,2023-01-12,51
1838,2023-01-13,47
1839,2023-01-14,35
1840,2023-01-15,31
1841,2023-01-16,30
1842,2023-01-17,35
1843,2023-01-18,35
1844,2023-01-19,36
1845,2023-01-20,42
1846,2023-01-21,47
1847,2023-01-22,36
1848,2023-01-23,47
1849,2023-01-24,53
1850,2023-01-25,51
1851,2023-01-26,59
1852,2023-01-27,50
1853,2023-01-28,46
1854,2023-01-29,31
1855,2023-01-30,35
1856,2023-01-31,53
1857,2023-02-01,50
1858,2023-02-02,47
1859,2023-02-03,41
1860,2023-02-04,44
1861,2023-02-05,35
1862,2023-02-06,42
1863,2023-02-07,54
1864,2023-02-08,53
1865,2023-02-09,57
1866,2023-02-10,47
1867,2023-02-11,43
1868,2023-02-12,55
1869,2023-02-13,54
1870,2023-02-14,33
1871,2023-02-15,40
1872,2023-02-16,39
1873,2023-02-17,48
1874,2023-02-18,46
1875,2023-02-19,57
1876,2023-02-20,59
1877,2023-02-21,49
1878,2023-02-22,24
1879,2023-02-23,23
1880,2023-02-24,31
1881,2023-02-25,35
1882,2023-02-26,28
1883,2023-02-27,27
1884,2023-02-28,26
1885,2023-03-01,29
1886,2023-03-02,45
1887,2023-03-03,40
1888,2023-03-04,31
1889,2023-03-05,25
1890,2023-03-06,26
1891,2023-03-07,29
1892,2023-03-08,28
1893,2023-03-09,38
1894,2023-03-10,41
1895,2023-03-11,39
1896,2023-03-12,38
1897,2023-03-13,40
1898,2023-03-14,43
1899,2023-03-15,49
1900,2023-03-16,47
1901,2023-03-17,52
1902,2023-03-18,48
1903,2023-03-19,43
1904,2023-03-20,40
1905,2023-03-21,40
1906,2023-03-22,34
1907,2023-03-23,32
1908,2023-03-24,33
1909,2023-03-25,37
1910,2023-03-26,37
1911,2023-03-27,41
1912,2023-03-28,37
1913,2023-03-29,30
1914,2023-03-30,36
1915,2023-03-31,39
1916,2023-04-01,42
1917,2023-04-02,37
1918,2023-04-03,32
1919,2023-04-04,35
1920,2023-04-05,43
1921,2023-04-06,47
1922,2023-04-07,39
1923,2023-04-08,50
1924,2023-04-09,63
1925,2023-04-10,60
1926,2023-04-11,54
1927,2023-04-12,46
1928,2023-04-13,49
1929,2023-04-14,49
1930,2023-04-15,54
1931,2023-04-16,51
1932,2023-04-17,45
1933,2023-04-18,35
1934,2023-04-19,41
1935,2023-04-20,54
1936,2023-04-21,64
1937,2023-04-22,65
1938,2023-04-23,58
1939,2023-04-24,58
1940,2023-04-25,65
1941,2023-04-26,70
1942,2023-04-27,73
1943,2023-04-28,72
1944,2023-04-29,70
1945,2023-04-30,62
1946,2023-05-01,46
1947,2023-05-02,45
1948,2023-05-03,44
1949,2023-05-04,36
1950,2023-05-05,37
1951,2023-05-06,35
1952,2023-05-07,46
1953,2023-05-08,41
1954,2023-05-09,53
1955,2023-05-10,53
1956,2023-05-11,60
1957,2023-05-12,72
1958,2023-05-13,75
1959,2023-05-14,71
1960,2023-05-15,71
1961,2023-05-16,74
1962,2023-05-17,75
1963,2023-05-18,74
1964,2023-05-19,75
1965,2023-05-20,73
1966,2023-05-21,74
1967,2023-05-22,73
1968,2023-05-23,68
1969,2023-05-24,64
1970,2023-05-25,63
1971,2023-05-26,62
1972,2023-05-27,65
1973,2023-05-28,63
1974,2023-05-29,66
1975,2023-05-30,61
1976,2023-05-31,64
1977,2023-06-01,65
1978,2023-06-02,67
1979,2023-06-03,73
1980,2023-06-04,78
1981,2023-06-05,78
1982,2023-06-06,66
1983,2023-06-07,59
1984,2023-06-08,57
1985,2023-06-09,64
1986,2023-06-10,69
1987,2023-06-11,66
1988,2023-06-12,60
1989,2023-06-13,65
1990,2023-06-14,70
1991,2023-06-15,72
1992,2023-06-16,76
1993,2023-06-17,73
1994,2023-06-18,64
1995,2023-06-19,52
1996,2023-06-20,58
1997,2023-06-21,64
1998,2023-06-22,63
1999,2023-06-23,62
2000,2023-06-24,65
2001,2023-06-25,65
2002,2023-06-26,67
2003,2023-06-27,69
2004,2023-06-28,73
2005,2023-06-29,81
2006,2023-06-30,82
2007,2023-07-01,85
2008,2023-07-02,86
2009,2023-07-03,83
2010,2023-07-04,78
2011,2023-07-05,78
2012,2023-07-06,75
2013,2023-07-07,75
2014,2023-07-08,75
2015,2023-07-09,72
2016,2023-07-10,75
2017,2023-07-11,77
2018,2023-07-12,76
2019,2023-07-13,79
2020,2023-07-14,84
2021,2023-07-15,89
2022,2023-07-16,92
2023,2023-07-17,86
2024,2023-07-18,82
2025,2023-07-19,81
2026,2023-07-20,84
2027,2023-07-21,88
2028,2023-07-22,88
2029,2023-07-23,85
2030,2023-07-24,78
2031,2023-07-25,81
2032,2023-07-26,80
2033,2023-07-27,77
2034,2023-07-28,79
2035,2023-07-29,80
2036,2023-07-30,81
2037,2023-07-31,80
2038,2023-08-01,77
2039,2023-08-02,75
2040,2023-08-03,73
2041,2023-08-04,75
2042,2023-08-05,78
2043,2023-08-06,81
2044,2023-08-07,80
2045,2023-08-08,77
2046,2023-08-09,75
2047,2023-08-10,76
2048,2023-08-11,73
2049,2023-08-12,80
2050,2023-08-13,84
2051,2023-08-14,79
2052,2023-08-15,87
2053,2023-08-16,88
2054,2023-08-17,84
2055,2023-08-18,81
2056,2023-08-19,80
2057,2023-08-20,67
